Workbook

Sheet Epicas
A1: Id | B1: Epicas
A2: US-SEC-0009 | B2: Garantizar el acceso seguro al sistema mediante RBAC (roles y permisos) y un registro de auditoría que asegure trazabilidad de todas las acciones.
A3: US-REG-0001 | B3: Permitir que los pacientes (o sus cuidadores) registren mediciones de salud relevantes (glucosa, presión, oxígeno, temperatura, etc.) para su monitoreo continuo.
A4: US-RAN-0003 | B4: Ofrecer a los médicos la posibilidad de definir umbrales y parámetros de control específicos por paciente, para personalizar la detección de riesgos.
A5: US-ALR-0004 | B5: Detectar automáticamente mediciones fuera de rango y generar alertas con niveles de severidad, priorizando su seguimiento por parte del equipo médico y cuidadores.
A6: US-DAS-0005 | B6: Brindar a los médicos un panel interactivo con visualización de tendencias, filtros y priorización de casos críticos para apoyar la toma de decisiones.
A7: US-NOT-0006 | B7: Habilitar un sistema de notificaciones configurables que alerte a cuidadores y familiares sobre riesgos clínicos en tiempo real.
A8: US-REP-0007 | B8: Proporcionar herramientas para generar reportes personalizados (PDF, Excel) que respalden la evaluación clínica y permitan documentar la evolución del paciente.
A9: US-CUI-0002 | B9: Permitir que cuidadores autorizados ingresen parámetros en nombre de los pacientes, asegurando continuidad en el monitoreo y validaciones de permisos
A10: US-GAM-0008 | B10: Implementar un sistema de puntos, logros e incentivos para motivar a los pacientes a mantener constancia en el registro de sus parámetros clínicos

Sheet Historias de usuario
A1: Id Epica | B1: Id HU | C1: Historia de usuario
A2: US-SEC-0009 | B2: 1 | C2: Como administrador, quiero crear y gestionar roles del sistema (paciente, médico, cuidador, admin), para asignar permisos adecuados.
B3: 2 | C3: Como administrador, quiero asignar y modificar permisos a cada rol, para controlar accesos de forma granular.
B4: 3 | C4: Como sistema, necesito registrar en un log las acciones críticas (login, CRUD de datos clínicos), para asegurar trazabilidad
B5: 4 | C5: Como administrador, quiero consultar un historial de auditoría filtrable por usuario/acción/fecha, para detectar irregularidades.
A6: US-REG-0001 | B6: 5 | C6: Como paciente, quiero ingresar mis mediciones (glucosa, presión, oxígeno, temperatura), para mantener un historial personal.
B7: 6 | C7: Como sistema, necesito validar que las mediciones estén dentro de valores plausibles, para evitar errores de digitación.
B8: 7 | C8: Como paciente, quiero visualizar mis últimas mediciones en una lista, para dar seguimiento diario.
A9: US-RAN-0003 | B9: 8 | C9: Como médico, quiero configurar valores mínimos y máximos por parámetro en cada paciente, para personalizar su monitoreo.
B10: 9 | C10: Como sistema, necesito aplicar esas configuraciones al evaluar las mediciones, para detectar riesgos.
B11: 10 | C11: Como médico, quiero actualizar y versionar los umbrales configurados, para mantener trazabilidad de los cambios.
A12: US-ALR-0004 | B12: 11 | C12: Como sistema, necesito generar una alerta automática cuando un parámetro supere el umbral, para notificar oportunamente al equipo médico.
B13: 12 | C13: Como médico, quiero recibir alertas agrupadas si un paciente registra varias anormalidades en un periodo corto, para evitar duplicados.
B14: 13 | C14: Como equipo médico, quiero marcar una alerta como revisada o atendida, para mantener el control de seguimiento.
A15: US-DAS-0005 | B15: 14 | C15: Como médico, quiero visualizar un dashboard con los pacientes en mayor riesgo primero, para priorizar atenciones.
B16: 15 | C16: Como médico, quiero aplicar filtros por fecha, paciente y severidad de alerta, para analizar casos específicos.
B17: 16 | C17: Como médico, quiero ver gráficas de tendencia de un paciente en los últimos 30 días, para evaluar su evolución.
A18: US-NOT-0006 | B18: 17 | C18: Como cuidador, quiero recibir una notificación cuando el paciente tenga una alerta fuera de rango, para reaccionar a tiempo.
B19: 18 | C19: Como cuidador, quiero configurar qué tipo de alertas quiero recibir (ej: solo críticas), para no saturarme de mensajes.
B20: 19 | C20: Como sistema, necesito enviar notificaciones vía correo, para asegurar alcance.
A21: US-REP-0007 | B21: 20 | C21: Como médico, quiero generar un reporte en PDF con las últimas mediciones de un paciente, para respaldar decisiones.
B22: 21 | C22: Como médico, quiero exportar un reporte en Excel con todas las mediciones, para analizar tendencias en detalle.
B23: 22 | C23: Como sistema, necesito registrar en la auditoría cada exportación de reporte, para asegurar trazabilidad.
A24: US-CUI-0002 | B24: 23 | C24: Como cuidador, quiero registrar parámetros en nombre del paciente, para asegurar continuidad del monitoreo.
B25: 24 | C25: Como sistema, necesito validar que el cuidador tenga permisos sobre el paciente, para evitar registros indebidos.
B26: 25 | C26: Como cuidador, quiero seleccionar al paciente desde una lista autorizada, para no confundir registros.
A27: US-GAM-0008 | B27: 26 | C27: Como paciente, quiero recibir puntos cada vez que registro mis parámetros, para motivarme a cumplir la rutina.
B28: 27 | C28: Como sistema, necesito asignar insignias por cumplir metas semanales, para reforzar la adherencia.
B29: 28 | C29: Como paciente, quiero ver mi progreso en un panel de logros, para mantenerme motivado.
B30: 29 | C30: Como sistema, quiero enviar recordatorios si el paciente no registra nada en 24h, para fomentar la adherencia.

Sheet Backlog Priorizado
B2: Id HU | C2: Historia de Usuario | F2: Prioridad | G2: Estimación (Puntos) | J2: Estimación (Puntos): Usando Secuencia de Fibonacci clásica (1, 2, 3, 5, 8, 13, 21, etc.)
B3: 1 | C3: Como administrador, quiero crear y gestionar roles del sistema (paciente, médico, cuidador, admin), para asignar permisos adecuados. | F3: S | G3: 5
B4: 2 | C4: Como administrador, quiero asignar y modificar permisos a cada rol, para controlar accesos de forma granular. | F4: S | G4: 3 | J4: Prioridad | K4: Cantidad | L4: Puntaje total
B5: 3 | C5: Como sistema, necesito registrar en un log las acciones críticas (login, CRUD de datos clínicos), para asegurar trazabilidad | F5: M | G5: 8 | J5: XS | K5: =COUNTIF('Backlog Priorizado'!$F$3:$F$31, J5) -> 4 | L5: =SUMIF('Backlog Priorizado'!$F$3:$F$31, J5, 'Backlog Priorizado'!$G$3:G$31) -> 13
B6: 4 | C6: Como administrador, quiero consultar un historial de auditoría filtrable por usuario/acción/fecha, para detectar irregularidades. | F6: M | G6: 8 | J6: S | K6: =COUNTIF('Backlog Priorizado'!$F$3:$F$31, J6) -> 14 | L6: =SUMIF('Backlog Priorizado'!$F$3:$F$31, J6, 'Backlog Priorizado'!$G$3:G$31) -> 65
B7: 5 | C7: Como paciente, quiero ingresar mis mediciones (glucosa, presión, oxígeno, temperatura), para mantener un historial personal. | F7: M | G7: 5 | J7: M | K7: =COUNTIF('Backlog Priorizado'!$F$3:$F$31, J7) -> 10 | L7: =SUMIF('Backlog Priorizado'!$F$3:$F$31, J7, 'Backlog Priorizado'!$G$3:G$31) -> 71
B8: 6 | C8: Como sistema, necesito validar que las mediciones estén dentro de valores plausibles, para evitar errores de digitación. | F8: XS | G8: 3 | J8: L | K8: =COUNTIF('Backlog Priorizado'!$F$3:$F$31, J8) -> 1 | L8: =SUMIF('Backlog Priorizado'!$F$3:$F$31, J8, 'Backlog Priorizado'!$G$3:G$31) -> 13
B9: 7 | C9: Como paciente, quiero visualizar mis últimas mediciones en una lista, para dar seguimiento diario. | F9: S | G9: 3 | J9: XL | K9: =COUNTIF('Backlog Priorizado'!$F$3:$F$31, J9) -> 0 | L9: =SUMIF('Backlog Priorizado'!$F$3:$F$31, J9, 'Backlog Priorizado'!$G$3:G$31) -> 0
B10: 8 | C10: Como médico, quiero configurar valores mínimos y máximos por parámetro en cada paciente, para personalizar su monitoreo. | F10: M | G10: 8 | J10: Totales | K10: =SUM(K5:K9) -> 29 | L10: =SUM(L5:L9) -> 162
B11: 9 | C11: Como sistema, necesito aplicar configuraciones de valores al evaluar las mediciones, para detectar riesgos. | F11: S | G11: 3
B12: 10 | C12: Como médico, quiero actualizar y versionar los umbrales configurados, para mantener trazabilidad de los cambios. | F12: S | G12: 3
B13: 11 | C13: Como sistema, necesito generar una alerta automática cuando un parámetro supere el umbral, para notificar oportunamente al equipo médico. | F13: M | G13: 8
B14: 12 | C14: Como médico, quiero recibir alertas agrupadas si un paciente registra varias anormalidades en un periodo corto, para evitar duplicados. | F14: S | G14: 5
B15: 13 | C15: Como equipo médico, quiero marcar una alerta como revisada o atendida, para mantener el control de seguimiento. | F15: XS | G15: 2
B16: 14 | C16: Como médico, quiero visualizar un dashboard con los pacientes en mayor riesgo primero, para priorizar atenciones. | F16: L | G16: 13
B17: 15 | C17: Como médico, quiero aplicar filtros por fecha, paciente y severidad de alerta, para analizar casos específicos. | F17: S | G17: 5
B18: 16 | C18: Como médico, quiero ver gráficas de tendencia de un paciente en los últimos 30 días, para evaluar su evolución. | F18: M | G18: 8
B19: 17 | C19: Como cuidador, quiero recibir una notificación cuando el paciente tenga una alerta fuera de rango, para reaccionar a tiempo. | F19: M | G19: 5
B20: 18 | C20: Como cuidador, quiero configurar qué tipo de alertas quiero recibir (ej: solo críticas), para no saturarme de mensajes. | F20: S | G20: 5
B21: 19 | C21: Como sistema, necesito enviar notificaciones vía correo, para asegurar alcance. | F21: M | G21: 8
B22: 20 | C22: Como médico, quiero generar un reporte en PDF con las últimas mediciones de un paciente, para respaldar decisiones. | F22: M | G22: 8
... B31: 29 | C31: Como sistema, quiero enviar recordatorios si el paciente no registra nada en 24h, para fomentar la adherencia. | F31: S | G31: 5

Sheet Product Backlog Ordenado
B2: Nº | C2: Historia de Usuario | F2: Prioridad | G2: Estimación (Puntos)
B3: 6 | C3: Como sistema, necesito validar que las mediciones estén dentro de valores plausibles, para evitar errores de digitación. | F3: XS | G3: 3
B4: 13 | C4: Como equipo médico, quiero marcar una alerta como revisada o atendida, para mantener el control de seguimiento. | F4: XS | G4: 2 | I4: Total puntos: | J4: =SUM(G3:G6) -> 13
B5: 24 | C5: Como sistema, necesito validar que el cuidador tenga permisos sobre el paciente, para evitar registros indebidos. | F5: XS | G5: 5
B6: 27 | C6: Como sistema, necesito asignar insignias por cumplir metas semanales, para reforzar la adherencia. | F6: XS | G6: 3
B10: Nº | C10: Historia de Usuario | F10: Prioridad | G10: Estimación (Puntos)
B11: 1 | C11: Como administrador, quiero crear y gestionar roles del sistema (paciente, médico, cuidador, admin), para asignar permisos adecuados. | F11: S | G11: 5
B12: 2 | C12: Como administrador, quiero asignar y modificar permisos a cada rol, para controlar accesos de forma granular. | F12: S | G12: 3 | I12: Total puntos: | J12: =SUM(G11:G24) -> 65
B13: 7 | C13: Como paciente, quiero visualizar mis últimas mediciones en una lista, para dar seguimiento diario. | F13: S | G13: 3
B14: 9 | C14: Como sistema, necesito aplicar configuraciones de valores al evaluar las mediciones, para detectar riesgos. | F14: S | G14: 3
B15: 10 | C15: Como médico, quiero actualizar y versionar los umbrales configurados, para mantener trazabilidad de los cambios. | F15: S | G15: 3
B16: 12 | C16: Como médico, quiero recibir alertas agrupadas si un paciente registra varias anormalidades en un periodo corto, para evitar duplicados. | F16: S | G16: 5
B17: 15 | C17: Como médico, quiero aplicar filtros por fecha, paciente y severidad de alerta, para analizar casos específicos. | F17: S | G17: 5
B18: 18 | C18: Como cuidador, quiero configurar qué tipo de alertas quiero recibir (ej: solo críticas), para no saturarme de mensajes. | F18: S | G18: 5
B19: 22 | C19: Como sistema, necesito registrar en la auditoría cada exportación de reporte, para asegurar trazabilidad. | F19: S | G19: 8
B20: 23 | C20: Como cuidador, quiero registrar parámetros en nombre del paciente, para asegurar continuidad del monitoreo. | F20: S | G20: 5
B21: 25 | C21: Como cuidador, quiero seleccionar al paciente desde una lista autorizada, para no confundir registros. | F21: S | G21: 5
B22: 26 | C22: Como paciente, quiero recibir puntos cada vez que registro mis parámetros, para motivarme a cumplir la rutina. | F22: S | G22: 5
B23: 28 | C23: Como paciente, quiero ver mi progreso en un panel de logros, para mantenerme motivado. | F23: S | G23: 5
B24: 29 | C24: Como sistema, quiero enviar recordatorios si el paciente no registra nada en 24h, para fomentar la adherencia. | F24: S | G24: 5
B27: Nº | C27: Historia de Usuario | F27: Prioridad | G27: Estimación (Puntos)
B28: 3 | C28: Como sistema, necesito registrar en un log las acciones críticas (login, CRUD de datos clínicos), para asegurar trazabilidad | F28: M | G28: 8
B29: 4 | C29: Como administrador, quiero consultar un historial de auditoría filtrable por usuario/acción/fecha, para detectar irregularidades. | F29: M | G29: 8 | I29: Total puntos: | J29: =SUM(G28:G37) -> 71
B30: 5 | C30: Como paciente, quiero ingresar mis mediciones (glucosa, presión, oxígeno, temperatura), para mantener un historial personal. | F30: M | G30: 5
B31: 8 | C31: Como médico, quiero configurar valores mínimos y máximos por parámetro en cada paciente, para personalizar su monitoreo. | F31: M | G31: 8
B32: 11 | C32: Como sistema, necesito generar una alerta automática cuando un parámetro supere el umbral, para notificar oportunamente al equipo médico. | F32: M | G32: 8
B33: 16 | C33: Como médico, quiero ver gráficas de tendencia de un paciente en los últimos 30 días, para evaluar su evolución. | F33: M | G33: 8
B34: 17 | C34: Como cuidador, quiero recibir una notificación cuando el paciente tenga una alerta fuera de rango, para reaccionar a tiempo. | F34: M | G34: 5
B35: 19 | C35: Como sistema, necesito enviar notificaciones vía correo, para asegurar alcance. | F35: M | G35: 8
B36: 20 | C36: Como médico, quiero generar un reporte en PDF con las últimas mediciones de un paciente, para respaldar decisiones. | F36: M | G36: 8
B37: 21 | C37: Como médico, quiero exportar un reporte en Excel con todas las mediciones, para analizar tendencias en detalle. | F37: M | G37: 5
B40: Nº | C40: Historia de Usuario | F40: Prioridad | G40: Estimación (Puntos)
B41: 14 | C41: Como médico, quiero visualizar un dashboard con los pacientes en mayor riesgo primero, para priorizar atenciones. | F41: L | G41: 13 | I41: Total puntos: | J41: =G41 -> 13

Sheet Sprints
B3: Sprints | C3: Historias incluidas | D3: Puntos | E3: Total acumulado | F3: Comentario | G3: Inicio Sprint | H3: Fin Sprint | I3: Duración total (días)
B4: Sprint 1 | C4: #1, #2, #5, #6, #7 | D4: 19 | E4: =D4 -> 19 | F4: Inicio y base funcional: roles básicos, registro de parámetros clínicos, validación y visualización mínima (MVP). | G4: 45916 | H4: 45923 | I4: =H4-G4 -> 7
B5: Sprint 2 | C5: #8, #9, #10, #11 | D5: 22 | E5: =E4+D5 -> 41 | F5: Módulo clínico central: configuración de umbrales por paciente, aplicación de reglas y generación de alertas. | G5: 45924 | H5: 45930 | I5: =H5-G5 -> 6
B6: Sprint 3 | C6: #14, #15, #16 | D6: 26 | E6: =E5+D6 -> 67 | F6: Análisis avanzado: dashboard con priorización, filtros y gráficas de evolución de pacientes. | G6: 45931 | H6: 45937 | I6: =H6-G6 -> 6
B7: Sprint 4 | C7: #17, #18, #19, #20, #21 | D7: 31 | E7: =E6+D7 -> 98 | F7: Notificaciones y reportes: alertas configurables, notificación multicanal y exportación de datos (PDF/Excel). | G7: 45938 | H7: 45948 | I7: =H7-G7 -> 10
B8: Sprint 5 | C8: #3, #4, #12, #13, #22 | D8: 31 | E8: =E7+D8 -> 129 | F8: Seguridad y trazabilidad: logs, auditoría, control de alertas y registro | G8: 45949 | H8: 45959 | I8: =H8-G8 -> 10
B9: Sprint 6 | C9: #23, #24, #25, #26, #27, #28, #29 | D9: 33 | E9: =E8+D9 -> 162 | F9: Extensiones de valor: módulo de cuidadores + gamificación (puntos, logros, recordatorios) | G9: 45960 | H9: 45974 | I9: =H9-G9 -> 14
